{"n_items": 8, "embedding_dim": 3, "k_noise": 7, "lr": 0.05, "epochs": 45, "optimizer": {"name": "adam", "learning_rate": 0.05000000074505806, "weight_decay": null, "clipnorm": null, "global_clipnorm": null, "clipvalue": null, "use_ema": false, "ema_momentum": 0.99, "ema_overwrite_frequency": null, "loss_scale_factor": null, "gradient_accumulation_steps": null, "beta_1": 0.9, "beta_2": 0.999, "epsilon": 1e-07, "amsgrad": false}, "batch_size": 50, "Q_distribution": [0.125, 0.125, 0.125, 0.125, 0.125, 0.125, 0.125, 0.125], "Wi": [[-3.2801644802093506, -1.5816411972045898, -0.4038267135620117], [-4.833226680755615, -0.6024274230003357, -0.2890387177467346], [-1.169887661933899, -3.3536031246185303, -0.29404836893081665], [-1.1451431512832642, -1.3453363180160522, 2.629668951034546], [-0.5969289541244507, -1.5106667280197144, 3.4014546871185303], [-1.6776704788208008, -0.3940815031528473, 2.1525425910949707], [-1.4196447134017944, -1.0911993980407715, 1.0268737077713013], [-1.335376262664795, -1.063907265663147, 1.0727977752685547]], "Wo": [[1.257676362991333, 0.5805931687355042, 0.33954116702079773], [0.9770874977111816, 1.1955498456954956, 0.11320358514785767], [1.398902416229248, -0.11215728521347046, -0.41808006167411804], [0.2849386930465698, 0.8531441688537598, -1.0001437664031982], [0.3718712031841278, 0.5872195363044739, -1.6963709592819214], [0.17477115988731384, 0.7917858362197876, -0.64247065782547], [0.4127054214477539, 0.04920689016580582, -0.36709359288215637], [0.3135722279548645, 0.11274946480989456, -0.3343146741390228]], "wa": [-0.6865443587303162, -1.7058420181274414, 0.478324294090271], "empty_context_emb": [-1.2531893253326416, -2.144986152648926, 1.205248236656189], "loss_history": [1338.993896484375, 1121.17138671875, 780.0240478515625, 724.7706909179688, 696.55126953125, 666.4033203125, 654.3555297851562, 657.7268676757812, 644.9337158203125, 643.1527709960938, 643.111083984375, 640.3240356445312, 638.7138671875, 636.0502319335938, 640.6105346679688, 633.6450805664062, 630.356201171875, 633.6673583984375, 628.1227416992188, 629.8471069335938, 627.2115478515625, 626.4132080078125, 623.6997680664062, 619.6571655273438, 617.0474243164062, 618.1691284179688, 617.022216796875, 613.4912109375, 613.6393432617188, 617.691162109375, 610.6859130859375, 607.3287353515625, 609.8733520507812, 605.9002075195312, 605.589599609375, 610.6360473632812, 609.2294921875, 608.995361328125, 604.0684814453125, 614.0188598632812, 604.5921630859375, 609.6057739257812, 607.8330078125, 608.9131469726562, 607.8101806640625]}
