{"n_items": 8, "embedding_dim": 3, "n_negative_samples": 7, "lr": 0.05, "epochs": 200, "optimizer": {"name": "adam", "learning_rate": 0.05000000074505806, "weight_decay": null, "clipnorm": null, "global_clipnorm": null, "clipvalue": null, "use_ema": false, "ema_momentum": 0.99, "ema_overwrite_frequency": null, "loss_scale_factor": null, "gradient_accumulation_steps": null, "beta_1": 0.9, "beta_2": 0.999, "epsilon": 1e-07, "amsgrad": false}, "batch_size": 50, "Q_distribution": [0.125, 0.125, 0.125, 0.125, 0.125, 0.125, 0.125, 0.125], "Wi": [[-0.20686869323253632, 0.6187084913253784, -1.8921066522598267], [-0.48539406061172485, 0.5501059293746948, -1.786184549331665], [0.567766010761261, 0.591344952583313, -1.6889301538467407], [0.21886824071407318, 1.3070158958435059, 0.9230620265007019], [0.0808115303516388, 1.1868979930877686, 0.798246443271637], [-0.06783361732959747, 1.2946196794509888, 1.0431270599365234], [-0.3755510747432709, 0.526375412940979, -0.45720285177230835], [0.04755927249789238, 0.6456633806228638, -0.11369697749614716]], "Wo": [[-0.11311058700084686, -2.8284976482391357, 2.273127555847168], [0.28781792521476746, -2.767218589782715, 2.024519205093384], [-0.10793007165193558, -2.7924768924713135, 2.031822919845581], [-0.30315306782722473, -3.781303882598877, -0.4170643985271454], [0.23496922850608826, -3.776278257369995, -0.2831028401851654], [0.5171893239021301, -4.074750900268555, -0.353216290473938], [0.4121706783771515, -1.1039363145828247, 0.4111279845237732], [0.11715587973594666, -1.3581942319869995, 0.29781877994537354]], "wa": [0.13080671429634094, 1.3203792572021484, -0.44230619072914124], "empty_context_emb": [0.916077733039856, 0.7768595814704895, -0.48895636200904846], "loss_history": [11041.56640625, 9471.46875, 9215.814453125, 9188.755859375, 9187.2158203125, 9167.91015625, 9208.0205078125, 9153.216796875, 9155.0615234375, 9147.240234375, 9151.8193359375, 9179.9404296875, 9161.4833984375, 9158.7734375, 9166.515625, 9168.1279296875, 9163.4267578125, 9154.46484375, 9138.9091796875, 9176.4755859375, 9168.716796875, 9140.107421875, 9149.8583984375, 9153.3486328125, 9151.4814453125, 9157.8232421875, 9177.8740234375, 9143.6826171875, 9146.2451171875, 9123.255859375, 9144.0888671875, 9158.2802734375, 9162.697265625, 9139.166015625, 9166.5166015625, 9136.642578125, 9137.5703125, 9149.224609375, 9140.7548828125, 9128.63671875, 9157.33203125, 9153.328125, 9150.8115234375, 9155.9052734375, 9150.4306640625, 9153.9248046875, 9151.7548828125, 9161.3603515625, 9154.767578125, 9139.171875, 9140.2275390625, 9136.970703125, 9146.01171875, 9149.0751953125, 9139.74609375, 9154.736328125, 9131.640625, 9167.3896484375, 9149.0751953125, 9158.267578125, 9134.54296875, 9132.8447265625, 9158.4482421875, 9138.8642578125, 9141.9267578125, 9160.9404296875, 9145.185546875, 9127.47265625, 9148.13671875, 9158.6787109375, 9149.1025390625, 9167.44140625, 9161.46875, 9162.310546875, 9152.87890625, 9159.3251953125, 9148.8271484375, 9151.8076171875, 9149.7216796875, 9161.345703125, 9147.78125, 9142.3994140625, 9151.646484375, 9149.283203125, 9159.53515625, 9168.88671875, 9138.9541015625, 9152.71484375, 9139.650390625, 9161.6552734375, 9151.0048828125, 9155.7822265625, 9142.21484375, 9163.1318359375, 9143.3564453125, 9146.6259765625, 9147.5927734375, 9149.4990234375, 9140.6513671875, 9139.337890625, 9151.220703125, 9145.9208984375, 9144.119140625, 9136.1591796875, 9149.953125, 9141.2666015625, 9155.6455078125, 9142.7744140625, 9148.9306640625, 9155.005859375, 9142.8935546875, 9165.4365234375, 9160.271484375, 9154.802734375, 9160.849609375, 9150.09375, 9134.96484375, 9152.5, 9145.1220703125, 9156.5302734375, 9147.5673828125, 9158.54296875, 9138.32421875, 9137.6357421875, 9144.8603515625, 9143.4248046875, 9141.9150390625, 9149.7392578125, 9156.0771484375, 9151.61328125, 9155.4716796875, 9134.130859375, 9165.00390625, 9157.240234375, 9156.8173828125, 9146.3134765625, 9149.1484375, 9137.3330078125, 9170.0380859375, 9162.48046875, 9153.2822265625, 9154.0126953125, 9164.7734375, 9152.3076171875, 9162.70703125, 9139.154296875, 9147.7705078125, 9169.421875, 9139.0966796875, 9152.072265625, 9161.4404296875, 9163.4658203125, 9147.2724609375, 9157.81640625, 9156.40234375, 9155.681640625, 9140.2177734375, 9176.4609375, 9163.4033203125, 9166.6767578125, 9136.693359375, 9148.1630859375, 9153.05859375, 9164.31640625, 9158.185546875, 9147.388671875, 9147.7236328125, 9159.638671875, 9153.8994140625, 9164.2802734375, 9156.2294921875, 9160.5703125, 9149.1279296875, 9146.208984375, 9155.388671875, 9152.8828125, 9151.4169921875, 9156.142578125, 9133.400390625, 9155.5908203125, 9149.7587890625, 9145.173828125, 9147.8427734375, 9159.6767578125, 9146.3583984375, 9155.2294921875, 9155.1923828125, 9153.189453125, 9156.154296875, 9141.392578125, 9153.578125, 9157.892578125, 9142.3251953125, 9141.001953125, 9158.47265625, 9142.3359375, 9136.5263671875, 9139.865234375, 9142.81640625, 9156.6962890625]}