{"n_items": 8, "embedding_dim": 6, "n_negative_samples": 3, "lr": 0.02, "epochs": 600, "optimizer": {"name": "adam", "learning_rate": 0.019999999552965164, "weight_decay": null, "clipnorm": null, "global_clipnorm": null, "clipvalue": null, "use_ema": false, "ema_momentum": 0.99, "ema_overwrite_frequency": null, "loss_scale_factor": null, "gradient_accumulation_steps": null, "beta_1": 0.9, "beta_2": 0.999, "epsilon": 1e-07, "amsgrad": false}, "batch_size": 50, "negative_samples_distribution": [0.125, 0.125, 0.125, 0.125, 0.125, 0.125, 0.125, 0.125], "Wi": [[-0.14107786118984222, 0.531136155128479, -0.16572551429271698, -0.11770594120025635, -0.49529820680618286, 1.5783215761184692], [-0.07867874205112457, 0.5893996953964233, -0.07968273758888245, 0.013826992362737656, -0.521084189414978, 1.6200395822525024], [-0.009770662523806095, 0.032698821276426315, -0.07573287934064865, 0.00953005626797676, -0.14781604707241058, -0.131980299949646], [-0.11651013046503067, -1.6719746589660645, -0.12192739546298981, -0.004982225131243467, -0.5924550294876099, -0.2121228575706482], [-0.017122220247983932, -1.2920982837677002, -0.0038339924067258835, 0.0453813374042511, -0.6776121854782104, -0.12210048735141754], [0.029828989878296852, -0.15740209817886353, 0.14174728095531464, -0.025485699996352196, -0.007812224328517914, -0.01715790294110775], [0.0840097963809967, -0.6086995005607605, 0.11039862036705017, 0.05207589268684387, 0.3841622769832611, 0.7030779719352722], [0.09725967794656754, -0.6421632766723633, 0.11883038282394409, 0.130758136510849, 0.6477774977684021, 0.805495023727417]], "Wo": [[-0.07267218828201294, 0.8437798619270325, -0.08213954418897629, -0.053927693516016006, 1.529552936553955, -3.447322130203247], [0.013421908020973206, 0.9469908475875854, 0.005452014040201902, 0.0012852856889367104, 1.5363856554031372, -3.5660579204559326], [-0.09703963994979858, -0.046982116997241974, -0.0318976454436779, -0.1226842924952507, 0.02013937570154667, 0.12287402153015137], [0.00687943072989583, 3.1076934337615967, -0.005253986455500126, -0.037255533039569855, 1.1627360582351685, -1.530243158340454], [-0.06323498487472534, 2.6874725818634033, -0.0651751160621643, 0.04912247881293297, 1.2458833456039429, -1.4843062162399292], [-0.04385988414287567, -0.09297294169664383, 0.18521176278591156, -0.001776160323061049, 0.10660231113433838, -0.0970122441649437], [0.11215432733297348, 0.8920415639877319, 0.12997187674045563, 0.03694062680006027, 0.7117570638656616, -1.1916660070419312], [-0.08725970983505249, 0.7752928733825684, -0.08275290578603745, 0.10213898122310638, 0.7817668318748474, -1.0977444648742676]], "wa": [0.09371192753314972, 0.41842135787010193, 0.12004309147596359, 0.07123275101184845, -0.6570525169372559, -0.8768265843391418], "empty_context_embedding": [-0.11288038641214371, -0.6379581093788147, -0.12587016820907593, 0.06965035200119019, 0.4352318048477173, 0.938755989074707]}
