{"n_items": 8, "embedding_dim": 3, "n_negative_samples": 7, "lr": 0.01, "epochs": 4, "optimizer": {"name": "adam", "learning_rate": 0.009999999776482582, "weight_decay": null, "clipnorm": null, "global_clipnorm": null, "clipvalue": null, "use_ema": false, "ema_momentum": 0.99, "ema_overwrite_frequency": null, "loss_scale_factor": null, "gradient_accumulation_steps": null, "beta_1": 0.9, "beta_2": 0.999, "epsilon": 1e-07, "amsgrad": false}, "batch_size": 50, "Q_distribution": [0.125, 0.125, 0.125, 0.125, 0.125, 0.125, 0.125, 0.125], "Wi": [[-0.18810676038265228, 0.07307999581098557, 0.13334226608276367], [-0.05628145486116409, -0.03714319318532944, -0.03902580216526985], [-0.007600423879921436, 0.05638763681054115, -0.014625469222664833], [0.05785435438156128, -0.08364781737327576, -0.18001793324947357], [0.17415393888950348, -0.12791915237903595, 0.01678423583507538], [0.09065882861614227, -0.10002201795578003, 0.03579120337963104], [0.06715092062950134, 0.06310004740953445, -0.0438840351998806], [0.044446032494306564, -0.18069137632846832, -0.013926990330219269]], "Wo": [[-0.0009437445551156998, -0.020857103168964386, -0.029886789619922638], [0.07645708322525024, -0.030821774154901505, -0.10897143185138702], [-0.05371158942580223, 0.06230538338422775, -0.08754130452871323], [0.013009819202125072, -0.02303650975227356, -0.0009799334220588207], [-0.18000458180904388, -0.02761716954410076, 0.073576919734478], [-0.20013642311096191, 0.16332963109016418, -0.0713813379406929], [-0.08422556519508362, -0.053799185901880264, 0.11974833905696869], [0.13346034288406372, 0.2216976284980774, 0.13599295914173126]], "wa": [-0.15969553589820862, 0.02901526540517807, 0.0192266833037138], "empty_context_emb": [-0.07602933049201965, -0.09057438373565674, 0.16176369786262512], "loss_history": [256.6325378417969, 256.4470520019531, 256.2699890136719, 256.0700988769531]}